{
    "moins_bien_classe_gagne": {
        "description": "Lorsque le joueur moins bien class\u00e9 gagne le match",
        "frequence": 0.3306783240099285,
        "moyenne": 56.56833968182837,
        "mediane": 31.0,
        "max": 1182,
        "first_serve_avg": 0.6158882222590787
    },
    "first_serve_avg_w": 0.6185764092533311,
    "first_serve_avg_l": 0.5992005506867298
}